Date,Price,Open,High,Low
2021-07-20,279.3200,278.0300,280.9700,276.2600
2021-07-21,281.4000,278.9000,281.5200,277.2900
2021-07-22,286.1400,283.8400,286.4200,283.4200
2021-07-23,289.6700,287.3700,289.9900,286.5000
2021-07-26,289.0500,289.0000,289.6900,286.6400
2021-07-27,286.5400,289.4300,289.5800,282.9500
2021-07-28,286.2200,288.9900,290.1500,283.8300
2021-07-29,286.5000,286.2400,288.6200,286.0800
2021-07-30,284.9100,285.1700,286.6600,283.9100
2021-08-02,284.8200,286.3600,286.7700,283.7400
2021-08-03,287.1200,285.4200,287.2300,284.0000
2021-08-04,286.5100,286.2200,287.5900,284.6500
2021-08-05,289.5200,286.8800,289.6300,286.1000
2021-08-06,289.4600,288.5100,289.5000,287.6200
2021-08-09,288.3300,289.7500,291.5500,287.8100
2021-08-10,286.4400,288.8000,289.2500,285.2000
2021-08-11,286.9500,287.2100,288.6600,285.8600
2021-08-12,289.8100,286.6300,289.9700,286.3400
2021-08-13,292.8500,289.4800,292.9000,289.3000
2021-08-16,294.6000,293.1900,294.8200,290.0200
2021-08-17,293.0800,292.3900,293.4300,291.0800
2021-08-18,290.7300,292.0400,294.8200,290.2700
2021-08-19,296.7700,288.6900,297.4700,288.6400
2021-08-20,304.3600,299.7200,305.8400,298.0600
2021-08-23,304.6500,303.2500,305.4000,301.8500
2021-08-24,302.6200,305.0200,305.6500,302.0000
2021-08-25,302.0100,304.3000,304.5900,300.4200
2021-08-26,299.0900,300.9900,302.4300,298.9500
2021-08-27,299.7200,298.9900,300.8700,296.8300
2021-08-30,303.5900,301.1200,304.2200,301.0600
2021-08-31,301.8800,304.4200,304.5000,301.5000
2021-09-01,301.8300,302.8700,305.1900,301.4900
2021-09-02,301.1500,302.2000,303.3600,300.1800
2021-09-03,301.1400,300.9900,302.6000,300.2600
2021-09-07,300.1800,301.0100,301.0900,298.2000
2021-09-08,300.2100,299.7800,300.6100,297.4700
2021-09-09,297.2500,300.8200,302.1400,297.0000
2021-09-10,295.7100,298.4200,299.9200,295.3800
2021-09-13,296.9900,297.5500,298.5400,294.0800
2021-09-14,299.7900,299.5600,301.3900,298.1000
2021-09-15,304.8200,303.2600,305.3200,301.8200
2021-09-16,305.2200,303.7600,305.3100,300.7600
2021-09-17,299.8700,304.1700,304.5000,299.5300
2021-09-20,294.3000,296.3300,298.7200,289.5200
2021-09-21,294.8000,295.6900,297.5400,294.0700
2021-09-22,298.5800,296.7300,300.2200,294.5100
2021-09-23,299.5600,298.8500,300.9000,297.5300
2021-09-24,299.3500,298.2300,299.8000,296.9300
2021-09-27,294.1700,296.1400,296.4700,292.9400
2021-09-28,283.5200,289.8000,290.7800,282.7500
2021-09-29,284.0000,285.1000,286.7700,283.0100
2021-09-30,281.9200,285.7100,287.8300,281.6200
2021-10-01,289.1000,282.1200,289.9800,281.2900
2021-10-04,283.1100,287.4000,287.7500,280.2500
2021-10-05,288.7600,284.0500,290.4000,284.0500
2021-10-06,293.1100,285.7800,293.6300,285.5100
2021-10-07,294.8500,295.1800,296.6400,293.9200
2021-10-08,294.8500,296.2200,296.6400,293.7600
2021-10-11,294.2300,292.9200,297.9700,292.7500
2021-10-12,292.8800,295.3400,295.4400,292.3500
2021-10-13,296.3100,294.9100,297.2800,293.4900
2021-10-14,302.7500,299.2100,303.2700,297.8300
2021-10-15,304.2100,302.3400,304.4500,300.5200
2021-10-18,307.2900,303.5700,308.2100,302.6900
2021-10-19,308.2300,308.3500,309.3000,307.2200
2021-10-20,307.4100,309.2100,309.7000,306.1100
2021-10-21,310.7600,307.1700,311.0200,306.3600
2021-10-22,309.1600,310.4000,311.0900,307.8000
2021-10-25,308.1300,309.3600,309.4000,306.4600
2021-10-26,310.1100,311.0000,312.4000,308.6000
2021-10-27,323.1700,316.0000,326.1000,316.0000
2021-10-28,324.3500,324.3300,324.8700,321.3600
2021-10-29,331.6200,324.1300,332.0000,323.9000
2021-11-01,329.3700,331.3600,331.4900,326.3700
2021-11-02,333.1300,330.3100,333.4500,330.0000
2021-11-03,334.0000,333.9000,334.9000,330.6500
2021-11-04,336.4400,332.8900,336.5400,329.5100
2021-11-05,336.0600,338.5100,338.7900,334.4200
2021-11-08,336.9900,337.3000,337.6500,334.4400
2021-11-09,335.9500,337.1100,338.7200,334.5300
2021-11-10,330.8000,334.5700,334.6300,329.9200
2021-11-11,332.4300,331.2500,333.7700,330.5100
2021-11-12,336.7200,333.9200,337.2300,333.7900
2021-11-15,336.0700,337.5400,337.8800,334.0300
2021-11-16,339.5100,335.6800,340.6700,335.5100
2021-11-17,339.1200,338.9400,342.1900,338.0000
2021-11-18,341.2700,338.1800,342.4500,337.1200
2021-11-19,343.1100,342.6400,345.1000,342.2000
2021-11-22,339.8300,344.6200,349.6700,339.5500
2021-11-23,337.6800,337.0500,339.4500,333.5600
2021-11-24,337.9100,336.2800,338.1600,333.9100
2021-11-26,329.6800,334.3500,337.9300,328.1200
2021-11-29,336.6300,334.9400,339.0300,334.7400
2021-11-30,330.5900,335.3200,337.7800,328.9900
2021-12-01,330.0800,335.1300,339.2800,329.3900
2021-12-02,329.4900,330.3000,333.4900,327.8000
2021-12-03,323.0100,331.9900,332.7000,318.0300
2021-12-06,326.1900,323.9500,327.4500,319.2300
2021-12-07,334.9200,331.6400,335.8000,330.1000
2021-12-08,334.9700,335.3100,335.5000,330.8000
2021-12-09,333.1000,334.4100,336.4900,332.1200
2021-12-10,342.5400,334.9800,343.0000,334.7900
2021-12-13,339.4000,340.6800,343.7900,339.0800
2021-12-14,328.3400,333.2200,334.6400,324.1100
2021-12-15,334.6500,328.6100,335.1900,324.5000
2021-12-16,324.9000,335.7100,336.7600,323.0200
2021-12-17,323.8000,320.8800,324.9200,317.2500
2021-12-20,319.9100,320.0500,322.8000,317.5700
2021-12-21,327.2900,323.2900,327.7300,319.8000
2021-12-22,333.2000,328.3000,333.6100,325.7500
2021-12-23,334.6900,332.7500,336.3900,332.7300
2021-12-27,342.4500,335.4600,342.4800,335.4300
2021-12-28,341.2500,343.1500,343.8100,340.3200
2021-12-29,341.9500,341.3000,344.3000,339.6800
2021-12-30,339.3200,341.9100,343.1300,338.8200
2021-12-31,336.3200,338.5100,339.3600,335.8500
2022-01-03,334.7500,335.3500,338.0000,329.7800
2022-01-04,329.0100,334.8300,335.2000,326.1200
2022-01-05,316.3800,325.8600,326.0700,315.9800
2022-01-06,313.8800,313.1500,318.7000,311.4900
2022-01-07,314.0400,314.1500,316.5000,310.0900
2022-01-10,314.2700,309.4900,314.7200,304.6900
2022-01-11,314.9800,313.3800,316.6100,309.8900
2022-01-12,318.2700,319.6700,323.4100,317.0800
2022-01-13,304.8000,320.4700,320.8800,304.0000
2022-01-14,310.2000,304.2500,310.8200,303.7500
2022-01-18,302.6500,304.0700,309.8000,301.7400
2022-01-19,303.3300,306.2900,313.9100,302.7000
2022-01-20,301.6000,309.0700,311.6500,301.1400
2022-01-21,296.0300,302.6900,304.1100,295.6100
2022-01-24,296.3700,292.2000,297.1100,276.0500
2022-01-25,288.4900,291.5200,294.9900,285.1700
2022-01-26,296.7100,307.9900,308.5000,293.0300
2022-01-27,299.8400,302.6600,307.3000,297.9300
2022-01-28,308.2600,300.2300,308.4800,294.4500
2022-01-31,310.9800,308.9500,312.3800,306.3700
2022-02-01,308.7600,310.4100,310.6300,305.1300
2022-02-02,313.4600,309.6300,315.1200,308.8800
2022-02-03,301.2500,309.4900,311.2300,299.9600
2022-02-04,305.9400,300.2100,308.8000,299.9700
2022-02-07,300.9500,306.1700,307.8400,299.9000
2022-02-08,304.5600,301.2500,305.5600,299.9500
2022-02-09,311.2100,309.8700,311.9300,307.3900
2022-02-10,302.3800,304.0400,309.1200,300.7000
2022-02-11,295.0400,303.1900,304.2900,294.2200
2022-02-14,295.0000,293.7700,296.7600,291.3500
2022-02-15,300.4700,300.0100,300.8000,297.0200
2022-02-16,299.5000,298.3700,300.8700,293.6800
2022-02-17,290.7300,296.3600,296.8000,290.0000
2022-02-18,287.9300,293.0500,293.8600,286.3100
2022-02-22,287.7200,285.0000,291.5400,284.5000
2022-02-23,280.2700,290.1800,291.7000,280.1000
2022-02-24,294.5900,272.5100,295.1600,271.5200
2022-02-25,297.3100,295.1400,297.6300,291.6500
2022-02-28,298.7900,294.3100,299.1400,293.0000
2022-03-01,294.9500,296.4000,299.9700,292.1500
2022-03-02,300.1900,295.3600,301.4700,293.7000
2022-03-03,295.9200,302.8900,303.1300,294.0500
2022-03-04,289.8600,294.2900,295.6600,287.1700
2022-03-07,278.9100,288.5300,289.6900,278.5300
2022-03-08,275.8500,277.8000,283.9600,270.0000
2022-03-09,288.5000,283.4400,289.6000,280.7800
2022-03-10,285.5900,283.0200,286.6000,280.5800
2022-03-11,280.0700,287.9600,289.5100,279.4300
2022-03-14,276.4400,280.3400,285.4000,275.8200
2022-03-15,287.1500,280.3500,287.8200,278.7300
2022-03-16,294.3900,289.1100,294.5700,283.2000
2022-03-17,295.2200,293.2900,295.6100,289.3700
2022-03-18,300.4300,295.3700,301.0000,292.7300
2022-03-21,299.1600,298.8900,300.1400,294.9000
2022-03-22,304.0600,299.8000,305.0000,298.7700
2022-03-23,299.4900,300.5100,303.2300,297.7200
2022-03-24,304.1000,299.1400,304.2000,298.3200
2022-03-25,303.6800,305.2300,305.5000,299.2900
2022-03-28,310.7000,304.3300,310.8000,304.3300
2022-03-29,315.4100,313.9100,315.8200,309.0500
2022-03-30,313.8600,313.7600,315.9500,311.5800
2022-03-31,308.3100,313.9000,315.1400,307.8900
2022-04-01,309.4200,309.3700,310.1300,305.5400
2022-04-04,314.9700,310.0900,315.1100,309.7100
2022-04-05,310.8800,313.2700,314.8700,309.8700
2022-04-06,299.5000,305.1900,307.0000,296.7100
2022-04-07,301.3700,296.6600,303.6500,296.3500
2022-04-08,296.9700,300.4400,301.1200,296.2800
2022-04-11,285.2600,291.7900,292.6100,285.0000
2022-04-12,282.0600,289.2400,290.7400,280.4900
2022-04-13,287.6200,282.7300,288.5800,281.3000
2022-04-14,279.8300,288.0900,288.3100,279.3200
2022-04-18,280.5200,278.9100,282.4600,278.3400
2022-04-19,285.3000,279.3800,286.1700,278.4100
2022-04-20,286.3600,289.4000,289.7000,285.3700
2022-04-21,280.8100,288.5800,293.3000,280.0600
2022-04-22,274.0300,281.6800,283.2000,273.3800
2022-04-25,280.7200,273.2900,281.1100,270.7700
2022-04-26,270.2200,277.5000,278.3600,270.0000
2022-04-27,283.2200,282.1000,290.9700,279.1600
2022-04-28,289.6300,285.1900,290.9800,281.4600
2022-04-29,277.5200,288.6100,289.8800,276.5000
2022-05-02,284.4700,277.7100,284.9400,276.2200
2022-05-03,281.7800,283.9600,284.1300,280.1500
2022-05-04,289.9800,282.5900,290.8800,276.7300
2022-05-05,277.3500,285.5400,286.3500,274.3400
2022-05-06,274.7300,274.8100,279.2500,271.2700
2022-05-09,264.5800,270.0600,272.3600,263.3200
2022-05-10,269.5000,271.6900,273.7500,265.0700
2022-05-11,260.5500,265.6800,271.3600,259.3000
2022-05-12,255.3500,257.6900,259.8800,250.0200
2022-05-13,261.1200,257.3500,263.0400,255.3500
2022-05-16,261.5000,259.9600,265.8200,255.7800
2022-05-17,266.8200,266.1100,268.3300,262.4600
2022-05-18,254.0800,263.0000,263.6000,252.7700
2022-05-19,253.1400,253.9000,257.6700,251.8800
2022-05-20,252.5600,257.2400,258.5400,246.4400
2022-05-23,260.6500,255.4900,261.5000,253.4300
2022-05-24,259.6200,257.8900,261.3300,253.5000
2022-05-25,262.5200,258.1400,264.5800,257.1300
2022-05-26,265.9000,262.2700,267.1100,261.4300
2022-05-27,273.2400,268.4800,273.3400,267.5600
2022-05-31,271.8700,272.5300,274.7700,268.9300
2022-06-01,272.4200,275.2000,277.6900,270.0400
2022-06-02,274.5800,264.4500,274.6500,261.6000
2022-06-03,270.0200,270.3100,273.4500,268.4100
2022-06-06,268.7500,272.0600,274.1800,267.2200
2022-06-07,272.5000,266.6400,273.1300,265.9400
2022-06-08,270.4100,271.7100,273.0000,269.6100
2022-06-09,264.7900,267.7800,272.7100,264.6300
2022-06-10,252.9900,260.5800,260.5800,252.5300
2022-06-13,242.2600,245.1100,249.0200,241.5300
2022-06-14,244.4900,243.8600,245.7400,241.5100
2022-06-15,251.7600,248.3100,255.3000,246.4200
2022-06-16,244.9700,245.9800,247.4200,243.0200
2022-06-17,247.6500,244.7000,250.5000,244.0300
2022-06-21,253.7400,250.2600,254.7500,249.5100
2022-06-22,253.1300,251.8900,257.1700,250.3700
2022-06-23,258.8600,255.5700,259.3700,253.6300
2022-06-24,267.7000,261.8100,267.9800,261.7200
2022-06-27,264.8900,268.2100,268.3000,263.2800
2022-06-28,256.4800,263.9800,266.9100,256.3200
2022-06-29,260.2600,257.5900,261.9700,255.7600
2022-06-30,256.8300,257.0500,259.5300,252.9000
2022-07-01,259.5800,256.3900,259.7700,254.6100
2022-07-05,262.8500,256.1600,262.9800,254.7400
2022-07-06,266.2100,263.7500,267.9900,262.4000
2022-07-07,268.4000,265.1200,269.0600,265.0200
2022-07-08,267.6600,264.7900,268.1000,263.2900
2022-07-11,264.5100,265.6500,266.5300,262.1800
2022-07-12,253.6700,265.8800,265.9400,252.0400
2022-07-13,252.7200,250.1900,253.5500,248.1100
2022-07-14,254.0800,250.5700,255.1400,245.9400
2022-07-15,256.7200,255.7200,260.3700,254.7700
2022-07-18,254.2500,259.7500,260.8400,253.3000
2022-07-19,259.5300,257.5800,259.7200,253.6800
2022-07-20,262.2700,259.9000,264.8700,258.9100
2022-07-21,264.8400,259.7900,264.8900,257.0300
2022-07-22,260.3600,265.2400,265.3300,259.0700
2022-07-25,258.8300,261.0000,261.5000,256.8100
2022-07-26,251.9000,259.8600,259.8800,249.5700
2022-07-27,268.7400,261.1600,270.0500,258.8500
2022-07-28,276.4100,269.7500,277.8400,267.8700
2022-07-29,280.7400,277.7000,282.0000,276.6300
2022-08-01,278.0100,277.8200,281.2800,275.8400
2022-08-02,274.8200,276.0000,277.8900,272.3800
2022-08-03,282.4700,276.7600,283.5000,276.6100
2022-08-04,283.6500,281.8000,283.8000,280.1700
2022-08-05,282.9100,279.1500,283.6500,278.6800
2022-08-08,280.3200,284.0500,285.9200,279.3200
2022-08-09,282.3000,279.6400,283.0800,277.6100
2022-08-10,289.1600,288.1700,289.8100,286.9400
2022-08-11,287.0200,290.8500,291.2100,286.5100
2022-08-12,291.9100,288.4800,291.9100,286.9400
2022-08-15,293.4700,291.0000,294.1800,290.1100
2022-08-16,292.7100,291.9900,294.0400,290.4200
2022-08-17,291.3200,289.7400,293.3500,289.4700
2022-08-18,290.1700,290.1900,291.9100,289.0800
2022-08-19,286.1500,288.9000,289.2500,285.5600
2022-08-22,277.7500,282.0800,282.4600,277.2200
2022-08-23,276.4400,276.4400,278.8600,275.4000
2022-08-24,275.7900,275.4100,277.2300,275.1100
2022-08-25,278.8500,277.3300,279.0200,274.5200
2022-08-26,268.0900,279.0800,280.3400,267.9800
2022-08-29,265.2300,265.8500,267.4000,263.8500
2022-08-30,262.9700,266.6700,267.0500,260.6600
2022-08-31,261.4700,265.3900,267.1100,261.3300
2022-09-01,260.4000,258.8700,260.8900,255.4100
2022-09-02,256.0600,261.7000,264.7400,254.4700
2022-09-06,253.2500,256.2000,257.8300,251.9400
2022-09-07,258.0900,254.7000,258.8300,253.2200
2022-09-08,258.5200,257.5100,260.4300,254.7900
2022-09-09,264.4600,260.5000,265.2300,260.2900
2022-09-12,266.6500,265.7800,267.4500,265.1600
2022-09-13,251.9900,258.8400,260.4000,251.5900
2022-09-14,252.2200,253.5300,254.2300,249.8600
2022-09-15,245.3800,249.7700,251.4000,244.0200
2022-09-16,244.7400,244.2600,245.3000,242.0600
2022-09-19,244.5200,242.4700,245.1400,240.8500
2022-09-20,242.4500,242.0700,243.5100,239.6400
2022-09-21,238.9500,244.2700,247.6600,238.9000
2022-09-22,240.9800,237.8700,243.8600,237.5700
2022-09-23,237.9200,239.5400,241.1300,235.2000
2022-09-26,237.4500,237.0500,241.4500,236.9000
2022-09-27,236.4100,239.9800,241.8000,234.5000
2022-09-28,241.0700,236.8100,242.3300,234.7300
2022-09-29,237.5000,238.8900,239.9500,234.4100
2022-09-30,232.9000,238.2900,240.5400,232.7300
2022-10-03,240.7400,235.4100,241.6100,234.6600
2022-10-04,248.8800,245.0900,250.3600,244.9800
2022-10-05,249.2000,245.9900,250.5800,244.1000
2022-10-06,246.7900,247.9300,250.3400,246.0800
2022-10-07,234.2400,240.9000,241.3200,233.1700
2022-10-10,229.2500,233.0500,234.5600,226.7300
2022-10-11,225.4100,227.6200,229.0600,224.1100
2022-10-12,225.7500,225.4000,227.8600,223.9600
2022-10-13,234.2400,219.8500,236.1000,219.1300
2022-10-14,228.5600,235.5400,237.2400,228.3400
2022-10-17,237.5300,235.8200,238.9600,235.1400
2022-10-18,238.5000,243.2400,243.9300,235.3700
2022-10-19,236.4800,237.0400,239.6100,234.2900
2022-10-20,236.1500,235.7700,241.3100,234.8700
2022-10-21,242.1200,234.7400,243.0000,234.5000
2022-10-24,247.2500,243.7600,247.8400,241.3000
2022-10-25,250.6600,247.2600,251.0400,245.8300
2022-10-26,231.3200,231.1700,238.3000,230.0600
2022-10-27,226.7500,231.0400,233.6900,225.7800
2022-10-28,235.8700,226.2400,236.6000,226.0500
2022-10-31,232.1300,233.7600,234.9200,231.1500
2022-11-01,228.1700,234.6000,235.7400,227.3300
2022-11-02,220.1000,229.4600,231.3000,220.0400
2022-11-03,214.2500,220.0900,220.4100,213.9800
2022-11-04,221.3900,217.5500,221.5900,213.4300
2022-11-07,227.8700,221.9900,228.4100,221.2800
2022-11-08,228.8700,228.7000,231.6500,225.8400
2022-11-09,224.5100,227.3700,228.6300,224.3300
2022-11-10,242.9800,235.4300,243.3300,235.0000
2022-11-11,247.1100,242.9900,247.9900,241.9300
2022-11-14,241.5500,241.9900,243.9100,239.2100
2022-11-15,241.9700,245.6600,247.0000,240.0300
2022-11-16,241.7300,242.7900,243.8000,240.4200
2022-11-17,241.6800,237.7800,243.2500,237.6300
2022-11-18,241.2200,243.5100,243.7400,239.0300
2022-11-21,242.0500,241.4300,244.6700,241.1900
2022-11-22,245.0300,243.5900,245.3100,240.7100
2022-11-23,247.5800,245.1100,248.2800,244.2700
2022-11-25,247.4900,247.3100,248.7000,246.7300
2022-11-28,241.7600,246.0800,246.6500,240.8000
2022-11-29,240.3300,241.4000,242.7900,238.2100
2022-11-30,255.1400,240.5700,255.3300,239.8600
2022-12-01,254.6900,253.8700,256.1200,250.9200
2022-12-02,255.0200,249.8200,256.0600,249.6900
2022-12-05,250.2000,252.0100,253.8200,248.0600
2022-12-06,245.1200,250.8200,251.8600,243.7800
2022-12-07,244.3700,244.8300,246.1600,242.2100
2022-12-08,247.4000,244.8400,248.7400,243.0600
2022-12-09,245.4200,244.7000,248.3100,244.1600
2022-12-12,252.5100,247.4500,252.5400,247.1700
2022-12-13,256.9200,261.6900,263.9200,253.0700
2022-12-14,257.2200,257.1300,262.5900,254.3100
2022-12-15,249.0100,253.7200,254.2000,247.3400
2022-12-16,244.6900,248.5500,249.8400,243.5100
2022-12-19,240.4500,244.8600,245.2100,238.7100
2022-12-20,241.8000,239.4000,242.9100,238.4200
2022-12-21,244.4300,241.6900,245.6200,240.1100
2022-12-22,238.1900,241.2600,241.9900,233.8700
2022-12-23,238.7300,236.1100,238.8700,233.9400
2022-12-27,236.9600,238.7000,238.9300,235.8300
2022-12-28,234.5300,236.8900,239.7200,234.1700
2022-12-29,241.0100,235.6500,241.9200,235.6500
2022-12-30,239.8200,238.2100,239.9600,236.6600
2023-01-03,239.5800,243.0800,245.7500,237.4000
2023-01-04,229.1000,232.2800,232.8700,225.9600
2023-01-05,222.3100,227.2000,227.5500,221.7600
2023-01-06,224.9300,223.0000,225.7600,219.3500
2023-01-09,227.1200,226.4500,231.2400,226.4100
2023-01-10,228.8500,227.7600,231.3100,227.3300
2023-01-11,235.7700,231.2900,235.9500,231.1100
2023-01-12,238.5100,235.2600,239.9000,233.5600
2023-01-13,239.2300,237.0000,239.3700,234.9200
2023-01-17,240.3500,237.9700,240.9100,237.0900
2023-01-18,235.8100,241.5700,242.3800,235.5200
2023-01-19,231.9300,233.7800,235.5200,230.6800
2023-01-20,240.2200,234.8600,240.7400,234.5100
2023-01-23,242.5800,241.1000,245.1700,239.6500
2023-01-24,242.0400,242.5000,243.9500,240.4400
2023-01-25,240.6100,234.4800,243.3000,230.9000
2023-01-26,248.0000,243.6500,248.3100,242.0000
2023-01-27,248.1600,248.9900,249.8300,246.8300
2023-01-30,242.7100,244.5100,245.6000,242.2000
2023-01-31,247.8100,243.4500,247.9500,242.9500
2023-02-01,252.7500,248.0000,255.1800,245.4700
2023-02-02,264.6000,258.8200,264.6900,257.2500
2023-02-03,258.3500,259.5400,264.2000,257.1000
2023-02-06,256.7700,257.4400,258.3000,254.7800
2023-02-07,267.5600,260.5300,268.7700,260.0800
2023-02-08,266.7300,273.2000,276.7600,266.2100
2023-02-09,263.6200,273.8000,273.9800,262.8000
2023-02-10,263.1000,261.5300,264.0900,260.6600
2023-02-13,271.3200,267.6400,274.6000,267.1500
2023-02-14,272.1700,272.6700,274.9700,269.2800
2023-02-15,269.3200,268.3200,270.7300,266.1800
2023-02-16,262.1500,264.0200,266.7400,261.9000
2023-02-17,258.0600,259.3900,260.0900,256.0000
2023-02-21,252.6700,254.4800,255.4900,251.5900
2023-02-22,251.5100,254.0900,254.3400,250.3400
2023-02-23,254.7700,255.5600,256.8400,250.4800
2023-02-24,249.2200,249.9600,251.0000,248.1000
2023-02-27,250.1600,252.4600,252.8200,249.3900
2023-02-28,249.4200,249.0700,251.4900,248.7300
2023-03-01,246.2700,250.7600,250.9300,245.7900
2023-03-02,251.1100,246.5500,251.4000,245.6100
2023-03-03,255.2900,252.1900,255.6200,251.3900
2023-03-06,256.8700,256.4300,260.1200,255.9800
2023-03-07,254.1500,256.3000,257.6900,253.3900
2023-03-08,253.7000,254.0400,254.5400,250.8100
2023-03-09,252.3200,255.8200,259.5600,251.5800
2023-03-10,248.5900,251.0800,252.7900,247.6000
2023-03-13,253.9200,247.4000,257.9100,245.7300
2023-03-14,260.7900,256.7500,261.0700,255.8600
2023-03-15,265.4400,259.9800,266.4800,259.2100
2023-03-16,276.2000,265.2100,276.5600,263.2800
2023-03-17,279.4300,278.2600,283.3300,276.3200
2023-03-20,272.2300,276.9800,277.4800,269.8500
2023-03-21,273.7800,274.8800,275.0000,269.5200
2023-03-22,272.2900,273.4000,281.0400,272.1800
2023-03-23,277.6600,277.9400,281.0600,275.2000
2023-03-24,280.5700,277.2400,280.6300,275.2800
2023-03-27,276.3800,280.5000,281.4600,275.5200
2023-03-28,275.2300,275.7900,276.1400,272.0500
2023-03-29,280.5100,278.9600,281.1400,278.4100
2023-03-30,284.0500,284.2300,284.4600,281.4800
2023-03-31,288.3000,283.7300,289.2700,283.0000
2023-04-03,287.2300,286.5200,288.2700,283.9500
2023-04-04,287.1800,287.2300,290.4500,285.6700
2023-04-05,284.3400,285.8500,287.1500,282.9200
2023-04-06,291.6000,283.2100,292.0800,282.0300
2023-04-10,289.3900,289.2100,289.6000,284.7100
2023-04-11,282.8300,285.7500,285.9800,281.6400
2023-04-12,283.4900,284.7900,287.0100,281.9600
2023-04-13,289.8400,283.5900,289.9000,283.1700
2023-04-14,286.1400,287.0000,288.4800,283.6900
2023-04-17,288.8000,289.9300,291.6000,286.1600
2023-04-18,288.3700,291.5700,291.7600,287.0100
2023-04-19,288.4500,285.9900,289.0500,284.5400
2023-04-20,286.1100,285.2500,289.0300,285.0800
2023-04-21,285.7600,285.0100,286.2700,283.0600
2023-04-24,281.7700,282.0900,284.9500,278.7200
2023-04-25,275.4200,279.5100,281.6000,275.3700
2023-04-26,295.3700,296.7000,299.5700,292.7300
2023-04-27,304.8300,295.9700,305.2000,295.2500
2023-04-28,307.2600,304.0100,308.9300,303.3100
2023-05-01,305.5600,306.9700,308.6000,305.1500
2023-05-02,305.4100,307.7600,309.1800,303.9100
2023-05-03,304.4000,306.6200,308.6100,304.0900
2023-05-04,305.4100,306.2400,307.7600,303.4000
2023-05-05,310.6500,305.7200,311.9700,304.2700
2023-05-08,308.6500,310.1300,310.2000,306.0900
2023-05-09,307.0000,308.0000,310.0400,306.3100
2023-05-10,312.3100,308.6200,313.0000,307.6700
2023-05-11,310.1100,310.1000,311.1200,306.2600
2023-05-12,308.9700,310.5500,310.6500,306.6000
2023-05-15,309.4600,309.1000,309.9000,307.5900
2023-05-16,311.7400,309.8300,313.7100,309.8300
2023-05-17,314.0000,312.2900,314.4300,310.7400
2023-05-18,318.5200,314.5300,319.0400,313.7200
2023-05-19,318.3400,316.7400,318.7500,316.3700
2023-05-22,321.1800,318.6000,322.5900,318.0100
2023-05-23,315.2600,320.0300,322.7200,315.2500
2023-05-24,313.8500,314.7300,316.5000,312.6100
2023-05-25,325.9200,323.2400,326.9000,320.0000
2023-05-26,332.8900,324.0200,333.4000,323.8800
2023-05-30,331.2100,335.2300,335.7400,330.5200
2023-05-31,328.3900,332.2900,335.9400,327.3300
2023-06-01,332.5800,325.9300,333.5300,324.7200
2023-06-02,335.4000,334.2500,337.5000,332.5500
2023-06-05,335.9400,335.2200,338.5600,334.6600
2023-06-06,333.6800,335.3300,335.3700,332.1700
2023-06-07,323.3800,331.6500,334.4900,322.5000
2023-06-08,325.2600,323.9400,326.6400,323.3500
2023-06-09,326.7900,324.9900,329.9900,324.4100
2023-06-12,331.8500,328.5800,332.1000,325.1600
2023-06-13,334.2900,334.4700,336.9800,330.3900
2023-06-14,337.3400,334.3400,339.0400,332.8100
2023-06-15,348.1000,337.4800,349.8400,337.2000
2023-06-16,342.3300,351.3200,351.4700,341.9500
2023-06-20,338.0500,339.3100,342.0800,335.8600
2023-06-21,333.5600,336.3700,337.7300,332.0700
2023-06-22,339.7100,334.1200,340.1200,333.3400
2023-06-23,335.0200,334.3600,337.9600,333.4500
2023-06-26,328.6000,333.7200,336.1100,328.4900
2023-06-27,334.5700,331.8600,336.1500,329.3000
2023-06-28,335.8500,334.6600,337.9800,333.8100
2023-06-29,335.0500,334.7100,336.1100,332.6200
2023-06-30,340.5400,337.7500,342.7300,337.2000
2023-07-03,337.9900,339.1900,340.9000,336.5700
2023-07-05,338.1500,335.0900,341.6500,334.7300
2023-07-06,341.2700,337.3000,342.9900,335.5000
2023-07-07,337.2200,339.3200,341.7900,337.0000
2023-07-10,331.8300,334.6000,335.2300,327.5900
2023-07-11,332.4700,331.0600,332.8600,327.0000
2023-07-12,337.2000,336.6000,341.6500,335.6700
2023-07-13,342.6600,339.5600,343.7400,339.0200
2023-07-14,345.2400,347.5900,351.4300,344.3100
2023-07-17,345.7300,345.6800,346.9900,342.2000
2023-07-18,359.4900,345.8300,366.7800,342.1700
2023-07-19,355.0800,361.7500,362.4600,352.4400
2023-07-20,346.8700,353.5700,357.9700,345.3700
2023-07-21,343.7700,349.1500,350.3000,339.8300
2023-07-24,345.1100,345.8500,346.9200,342.3100
2023-07-25,350.9800,347.1100,351.8900,345.0700
2023-07-26,337.7700,341.4400,344.6700,333.1100
2023-07-27,330.7200,340.4800,341.3300,329.0500
2023-07-28,338.3700,333.6700,340.0100,333.1700
2023-07-31,335.9200,336.9200,337.7000,333.3600
2023-08-01,336.3400,335.1900,338.5400,333.7000
2023-08-02,327.5000,333.6300,333.6300,326.3600
2023-08-03,326.6600,326.0000,329.8800,325.9500
2023-08-04,327.7800,331.8800,335.1400,327.2400
2023-08-07,330.1100,328.3700,331.1100,327.5200
2023-08-08,326.0500,326.9600,328.7500,323.0000
2023-08-09,322.2300,326.4700,327.1100,321.0500
2023-08-10,322.9300,326.0200,328.2600,321.1800
2023-08-11,321.0100,320.2600,322.4100,319.2100
2023-08-14,324.0400,321.3900,324.0600,320.0800
2023-08-15,321.8600,323.0000,325.0900,320.9000
2023-08-16,320.4000,320.8000,324.4200,319.8000
2023-08-17,316.8800,320.5400,321.8700,316.2100
2023-08-18,316.4800,314.4900,318.3800,311.5500
2023-08-21,321.8800,317.9300,322.7700,317.0400
2023-08-22,322.4600,325.5000,326.0800,321.4600
2023-08-23,327.0000,323.8200,329.2000,323.4600
2023-08-24,319.9700,332.8500,332.9800,319.9600
2023-08-25,322.9800,321.4700,325.3600,318.8000
2023-08-28,323.7000,325.6600,326.1500,321.7200
2023-08-29,328.4100,321.8800,328.9800,321.8800
2023-08-30,328.7900,328.6700,329.8100,326.4500
2023-08-31,327.7600,329.2000,330.9100,326.7800
2023-09-01,328.6600,331.3100,331.9900,326.7800
2023-09-05,333.5500,329.0000,334.8500,328.6600
2023-09-06,332.8800,333.3800,334.4600,330.1800
2023-09-07,329.9100,331.2900,333.0800,329.0300
2023-09-08,334.2700,330.0900,336.1600,329.4600
2023-09-11,337.9400,337.2400,338.4200,335.4300
2023-09-12,331.7700,335.8200,336.7900,331.4800
2023-09-13,336.0600,331.3100,336.8500,331.1700
2023-09-14,338.7000,339.1500,340.8600,336.5700
2023-09-15,330.2200,336.9200,337.4000,329.6500
2023-09-18,329.0600,327.8000,330.4000,326.3600
2023-09-19,328.6500,326.1700,329.3900,324.5100
2023-09-20,320.7700,329.5100,329.5900,320.5100
2023-09-21,319.5300,319.2600,325.3500,315.0000
2023-09-22,317.0100,321.3200,321.4500,316.1500
2023-09-25,317.5400,316.5900,317.6700,315.0000
2023-09-26,312.1400,315.1300,315.8800,310.0200
2023-09-27,312.7900,312.3000,314.3000,309.6900
2023-09-28,313.6400,310.9900,315.4800,309.4500
2023-09-29,315.7500,317.7500,319.4700,314.9800
2023-10-02,321.8000,316.2800,321.8900,315.1800
2023-10-03,313.3900,320.8300,321.3900,311.2100
2023-10-04,318.9600,314.0300,320.0400,314.0000
2023-10-05,319.3600,319.0900,319.9800,314.9000
2023-10-06,327.2600,316.5500,329.1900,316.3000
2023-10-09,329.8200,324.7500,330.3000,323.1800
2023-10-10,328.3900,330.9600,331.1000,327.6700
2023-10-11,332.4200,331.2100,332.8200,329.1400
2023-10-12,331.1600,330.5700,333.6300,328.7200
2023-10-13,327.7300,332.3800,333.8300,326.3600
2023-10-16,332.6400,331.0500,336.1400,330.6000
2023-10-17,332.0600,329.5900,333.4600,327.4100
2023-10-18,330.1100,332.4900,335.5900,328.3000
2023-10-19,331.3200,332.1500,336.8800,330.9100
2023-10-20,326.6700,331.7200,331.9200,325.4500
2023-10-23,329.3200,325.4700,332.7300,324.3900
2023-10-24,330.5300,331.3000,331.8400,327.6000
2023-10-25,340.6700,345.0200,346.2000,337.6200
2023-10-26,327.8900,340.5400,341.6300,326.9400
2023-10-27,329.8100,330.4300,336.7200,328.4000
2023-10-30,337.3100,333.4100,339.4500,331.8300
2023-10-31,338.1100,338.8500,339.0000,334.6900
2023-11-01,346.0700,339.7900,347.4200,339.6500
2023-11-02,348.3200,347.2400,348.8300,344.7700
2023-11-03,352.8000,349.6300,354.3900,347.3300
2023-11-06,356.5300,353.4500,357.5400,353.3500
2023-11-07,360.5300,359.4000,362.4600,357.6300
2023-11-08,363.2000,361.6800,363.8700,360.5500
2023-11-09,360.6900,362.3000,364.7900,360.3600
2023-11-10,369.6700,361.4900,370.1000,361.0700
2023-11-13,366.6800,368.2200,368.4700,365.9000
2023-11-14,370.2700,371.0100,371.9500,367.3500
2023-11-15,369.6700,371.2800,373.1300,367.1100
2023-11-16,376.1700,370.9600,376.3500,370.1800
2023-11-17,369.8500,373.6100,374.3700,367.0000
2023-11-20,377.4400,371.2200,378.8700,371.0000
2023-11-21,373.0700,375.6700,376.2200,371.1200
2023-11-22,377.8500,378.0000,379.7900,374.9700
2023-11-24,377.4300,377.3300,377.9700,375.1400
2023-11-27,378.6100,376.7800,380.6400,376.2000
2023-11-28,382.7000,378.3500,383.0000,378.1600
2023-11-29,378.8500,383.7600,384.3000,377.4400
2023-11-30,378.9100,378.4900,380.0900,375.4700
2023-12-01,374.5100,376.7600,378.1600,371.3100
2023-12-04,369.1400,369.1000,369.5200,362.9000
2023-12-05,372.5200,366.4500,373.0800,365.6200
2023-12-06,368.8000,373.5400,374.1800,368.0300
2023-12-07,370.9500,368.2300,371.4500,366.3200
2023-12-08,374.2300,369.2000,374.4600,368.2300
2023-12-11,371.3000,368.4800,371.6000,366.1000
2023-12-12,374.3800,370.8500,374.4200,370.4600
2023-12-13,374.3700,376.0200,377.6400,370.7700
2023-12-14,365.9300,373.3100,373.7600,364.1300
2023-12-15,370.7300,366.8500,372.4000,366.2800
2023-12-18,372.6500,369.4500,373.0000,368.6800
2023-12-19,373.2600,371.4900,373.2600,369.8400
2023-12-20,370.6200,375.0000,376.0300,370.5300
2023-12-21,373.5400,372.5600,374.4100,370.0400
2023-12-22,374.5800,373.6800,375.1800,372.7100
2023-12-26,374.6600,375.0000,376.9400,373.5000
2023-12-27,374.0700,373.6900,375.0600,372.8100
2023-12-28,375.2800,375.3700,376.4600,374.1600
2023-12-29,376.0400,376.0000,377.1600,373.4800
2024-01-02,370.8700,373.8600,375.9000,366.7700
2024-01-03,370.6000,369.0100,373.2600,368.5100
2024-01-04,367.9400,370.6700,373.1000,367.1700
2024-01-05,367.7500,368.9700,372.0600,366.5000
2024-01-08,374.6900,369.3000,375.2000,369.0100
2024-01-09,375.7900,372.0100,375.9900,371.1900
2024-01-10,382.7700,376.3700,384.1700,376.3200
2024-01-11,384.6300,386.0000,390.6800,380.3800
2024-01-12,388.4700,385.4900,388.6800,384.6500
2024-01-16,390.2700,393.6600,394.0300,387.6200
2024-01-17,389.4700,387.9800,390.1100,384.8100
2024-01-18,393.8700,391.7200,393.9900,390.1200
2024-01-19,398.6700,395.7600,398.6700,393.5000
2024-01-22,396.5100,400.0200,400.6200,393.5900
2024-01-23,398.9000,395.7500,399.3800,393.9300
2024-01-24,402.5600,401.5400,405.6300,400.4500
2024-01-25,404.8700,404.3200,407.0100,402.5300
2024-01-26,403.9300,404.3700,406.1700,402.4300
2024-01-29,409.7200,406.0600,409.9800,404.3300
2024-01-30,408.5900,412.2600,413.0500,406.4500
2024-01-31,397.5800,406.9600,415.3200,397.2100
2024-02-01,403.7800,401.8300,408.0000,401.8000
2024-02-02,411.2200,403.8100,412.6500,403.5600
2024-02-05,405.6500,409.9000,411.1600,403.9900
2024-02-06,405.4900,405.8800,407.9700,402.9100
2024-02-07,414.0500,407.4400,414.3000,407.4000
2024-02-08,414.1100,414.0500,415.5600,412.5300
2024-02-09,420.5500,415.2500,420.8200,415.0900
2024-02-12,415.2600,420.5600,420.7400,414.7500
2024-02-13,406.3200,404.9400,410.0700,403.3900
2024-02-14,409.4900,408.0700,409.8400,404.5700
2024-02-15,406.5600,408.1400,409.1300,404.2900
2024-02-16,404.0600,407.9600,408.2900,403.4400
2024-02-20,402.7900,403.2400,404.4900,398.0100
2024-02-21,402.1800,400.1700,402.2900,397.2200
2024-02-22,411.6500,410.1900,412.8300,408.5700
2024-02-23,410.3400,415.6700,415.8600,408.9700
2024-02-26,407.5400,411.4600,412.1600,407.3600
2024-02-27,407.4800,407.9900,408.3200,403.8500
2024-02-28,407.7200,408.1800,409.3000,405.3200
2024-02-29,413.6400,408.6400,414.2000,405.9200
2024-03-01,415.5000,411.2700,415.8700,410.8800
2024-03-04,414.9200,413.4400,417.3500,412.3200
2024-03-05,402.6500,413.9600,414.2500,400.6400
2024-03-06,402.0900,402.9700,405.1600,398.3900
2024-03-07,409.1400,406.1200,409.7800,402.2400
2024-03-08,406.2200,407.9600,410.4200,404.3300
2024-03-11,404.5200,403.7600,405.6800,401.2600
2024-03-12,415.2800,407.6200,415.5700,406.7900
2024-03-13,415.1000,418.1000,418.1800,411.4500
2024-03-14,425.2200,420.2400,427.8200,417.9900
2024-03-15,416.4200,419.2900,422.6000,412.7900
2024-03-18,417.3200,414.2500,420.7300,413.7800
2024-03-19,421.4100,417.8300,421.6700,415.5500
2024-03-20,425.2300,422.0000,425.9600,420.6600
2024-03-21,429.3700,429.8300,430.8200,427.1600
2024-03-22,428.7400,429.7000,429.8600,426.0700
2024-03-25,422.8600,425.2400,427.4100,421.6100
2024-03-26,421.6500,425.6100,425.9900,421.3500
2024-03-27,421.4300,424.4400,424.4500,419.0100
2024-03-28,420.7200,420.9600,421.8700,419.1200
2024-04-01,424.5700,423.9500,427.8900,422.2200
2024-04-02,421.4400,420.1100,422.3800,417.8400
2024-04-03,420.4500,419.7300,423.2600,419.0900
2024-04-04,417.8800,424.9900,428.6700,417.5700
2024-04-05,425.5200,420.0100,426.5100,418.3200
2024-04-08,424.5900,425.1700,427.2800,423.3000
2024-04-09,426.2800,426.4400,427.7400,421.6200
2024-04-10,423.2600,422.1900,424.0300,419.7000
2024-04-11,427.9300,425.8200,429.3700,422.3600
2024-04-12,421.9000,424.0500,425.1800,419.7700
2024-04-15,413.6400,426.6000,426.8200,413.4300
2024-04-16,414.5800,414.5700,418.4000,413.7300
2024-04-17,411.8400,417.2500,418.8800,410.3300
2024-04-18,404.2700,410.6300,411.8900,403.9500
2024-04-19,399.1200,404.0300,405.4800,397.7700
2024-04-22,400.9600,400.0800,402.8500,395.7500
2024-04-23,407.5700,404.2400,408.2000,403.0600
2024-04-24,409.0600,409.5600,412.4700,406.7800
2024-04-25,399.0400,394.0300,399.8900,388.0300
2024-04-26,406.3200,412.1700,413.0000,405.7600
2024-04-29,402.2500,405.2500,406.3200,399.1900
2024-04-30,389.3300,401.4900,402.1600,389.1700
2024-05-01,394.9400,392.6100,401.7200,390.3100
2024-05-02,397.8400,397.6600,399.9300,394.6500
2024-05-03,406.6600,402.2800,407.1500,401.8600
2024-05-06,413.5400,408.7600,413.9300,406.3700
2024-05-07,409.3400,414.6600,414.6700,409.0900
2024-05-08,410.5400,408.1700,412.2300,406.7100
2024-05-09,412.3200,410.5700,412.7200,409.1000
2024-05-10,414.7400,412.9400,415.3800,411.8000
2024-05-13,413.7200,418.0100,418.3500,410.8200
2024-05-14,416.5600,412.0200,417.4900,411.5500
2024-05-15,423.0800,417.9000,423.8100,417.2700
2024-05-16,420.9900,421.8000,425.4200,420.3500
2024-05-17,420.2100,422.5400,422.9200,418.0300
2024-05-20,425.3400,420.2100,426.7700,419.9900
2024-05-21,429.0400,426.8300,432.9700,424.8500
2024-05-22,430.5200,430.0900,432.4100,427.1300
2024-05-23,427.0000,432.9700,433.6000,425.4200
2024-05-24,430.1600,427.1900,431.0600,424.4100
2024-05-28,430.3200,429.6300,430.8200,426.6000
2024-05-29,429.1700,425.6900,430.9400,425.6900
2024-05-30,414.6700,424.3000,424.3000,414.2400
2024-05-31,415.1300,416.7500,416.7500,404.5100
2024-06-03,413.5200,415.5300,416.4300,408.9200
2024-06-04,416.0700,412.4300,416.4400,409.6800
2024-06-05,424.0100,417.8100,424.0800,416.3000
2024-06-06,424.5200,424.0100,425.3100,420.5800
2024-06-07,423.8500,426.2000,426.2800,423.0000
2024-06-10,427.8700,424.7000,428.0800,423.8900
2024-06-11,432.6800,425.4800,432.8200,425.2500
2024-06-12,441.0600,435.3200,443.4000,433.2500
2024-06-13,441.5800,440.8500,443.3900,439.3700
2024-06-14,442.5700,438.2800,443.1400,436.7200
2024-06-17,448.3700,442.5900,450.9400,440.7200
2024-06-18,446.3400,449.7100,450.1400,444.8900
2024-06-20,445.7000,446.3000,446.5300,441.2700
2024-06-21,449.7800,447.3800,450.5800,446.5100
2024-06-24,447.6700,449.8000,452.7500,446.4100
2024-06-25,450.9500,448.2500,451.4200,446.7500
2024-06-26,452.1600,449.0000,453.6000,448.1900
2024-06-27,452.8500,452.1800,456.1700,451.7700
2024-06-28,446.9500,453.0700,455.3800,446.4100
2024-07-01,456.7300,448.6600,457.3700,445.6600
2024-07-02,459.2800,453.2000,459.5900,453.1100
2024-07-03,460.7700,458.1900,461.0200,457.8800
2024-07-05,467.5600,459.6100,468.3500,458.9700
2024-07-08,466.2400,466.5500,467.7000,464.4600
2024-07-09,459.5400,467.0000,467.3300,458.0000
2024-07-10,466.2500,461.2200,466.4600,458.8600
2024-07-11,454.7000,462.9800,464.7800,451.5500
2024-07-12,453.5500,454.3300,456.3600,450.6500
2024-07-15,453.9600,453.3000,457.2600,451.4300
2024-07-16,449.5200,454.2200,454.3000,446.6600
2024-07-17,443.5200,442.5900,444.8500,439.1800
2024-07-18,440.3700,444.3400,444.6500,434.4000
2024-07-19,437.1100,433.1000,441.1400,432.0000
2024-07-22,442.9400,441.7900,444.6000,438.9100
2024-07-23,444.8500,443.9000,448.3900,443.1000
2024-07-24,428.9000,440.4500,441.4800,427.5900
2024-07-25,418.4000,428.8000,429.8000,417.5100
2024-07-26,425.2700,418.2000,428.9200,417.2700
2024-07-29,426.7300,431.5800,432.1500,424.7000
2024-07-30,422.9200,427.7200,429.0500,417.3600
2024-07-31,418.3500,420.5000,421.7800,412.2100
2024-08-01,417.1100,420.7900,427.4600,413.0900
2024-08-02,408.4900,412.4900,415.0000,404.3400
2024-08-05,395.1500,389.1700,401.0400,385.5800
2024-08-06,399.6100,400.0000,405.6700,398.5000
2024-08-07,398.4300,408.6400,410.0800,397.4700
2024-08-08,402.6900,402.4400,405.8600,399.9400
2024-08-09,406.0200,404.0300,408.0500,402.2600
2024-08-12,406.8100,407.0600,408.7600,404.2400
2024-08-13,414.0100,409.5900,414.9500,409.5700
2024-08-14,416.8600,414.8000,417.7200,412.4500
2024-08-15,421.0300,419.8000,421.1100,417.6600
2024-08-16,418.4700,420.6000,421.3400,417.3000
2024-08-19,421.5300,418.9600,421.7500,416.4600
2024-08-20,424.8000,421.7000,425.8600,421.6400
2024-08-21,424.1400,424.0800,426.4000,421.7200
2024-08-22,415.5500,424.3600,426.7900,414.6100
2024-08-23,416.7900,416.9800,419.2600,412.0900
2024-08-26,413.4900,416.3700,417.2800,411.3400
2024-08-27,413.8400,412.8600,414.3600,410.2500
2024-08-28,410.6000,414.8800,415.0000,407.3100
2024-08-29,413.1200,414.9400,422.0500,410.6000
2024-08-30,417.1400,415.6000,417.4900,412.1300
2024-09-03,409.4400,417.9100,419.8800,407.0300
2024-09-04,408.9000,405.9100,411.2400,404.3700
2024-09-05,408.3900,407.6200,413.1000,406.1300
2024-09-06,401.7000,409.0600,410.6500,400.8000
2024-09-09,405.7200,407.2400,408.6500,402.1500
2024-09-10,414.2000,408.2000,416.3300,407.7000
2024-09-11,423.0400,415.5000,423.9900,409.5800
2024-09-12,427.0000,423.3100,427.3700,419.7500
2024-09-13,430.5900,425.8300,431.8300,425.4600
2024-09-16,431.3400,430.6000,433.5300,428.2200
2024-09-17,435.1500,440.2300,441.8500,432.2700
2024-09-18,430.8100,435.0000,436.0300,430.4100
2024-09-19,438.6900,441.2300,441.5000,436.9000
2024-09-20,435.2700,437.2200,439.2400,434.2200
2024-09-23,433.5100,434.2800,436.4600,430.3900
2024-09-24,429.1700,433.0000,433.3500,426.1000
2024-09-25,432.1100,429.8300,433.1200,428.5700
2024-09-26,431.3100,435.0900,435.3000,429.1300
2024-09-27,428.0200,431.5200,431.8500,427.4700
2024-09-30,430.3000,428.2100,430.4200,425.3700
2024-10-01,420.6900,428.4500,428.4800,418.8100
2024-10-02,417.1300,422.5800,422.8200,416.7100
2024-10-03,416.5400,417.6300,419.5500,414.2900
2024-10-04,416.0600,418.2400,419.7500,414.9700
2024-10-07,409.5400,416.0000,417.1100,409.0000
2024-10-08,414.7100,410.9000,415.6600,408.1700
2024-10-09,417.4600,415.8600,420.3800,414.3000
2024-10-10,415.8400,415.2300,417.3500,413.1500
2024-10-11,416.3200,416.1400,417.1300,413.2500
2024-10-14,419.1400,417.7700,424.0400,417.5200
2024-10-15,418.7400,422.1800,422.4800,415.2600
2024-10-16,416.1200,415.1700,416.3600,410.4800
2024-10-17,416.7200,422.3600,422.5000,415.5900
2024-10-18,418.1600,417.1400,419.6500,416.2600
2024-10-21,418.7800,416.1200,418.9600,413.7500
2024-10-22,427.5100,418.4900,430.5800,418.0400
2024-10-23,424.6000,430.8600,431.0800,422.5300
2024-10-24,424.7300,425.3300,425.9800,422.4000
2024-10-25,428.1500,426.7600,432.5200,426.5700
2024-10-28,426.5900,431.6600,431.9400,426.3000
2024-10-29,431.9500,428.0000,433.1700,425.8000
2024-10-30,432.5300,437.4400,438.5000,432.1000
2024-10-31,406.3500,415.3600,416.1600,406.3000
2024-11-01,410.3700,409.0100,415.5000,407.5000
2024-11-04,408.4600,409.8000,410.4200,405.5700
2024-11-05,411.4600,408.3700,414.9000,408.0800
2024-11-06,420.1800,412.4200,420.4500,410.5200
2024-11-07,425.4300,421.2800,426.8500,419.8800
2024-11-08,422.5400,425.3200,426.5000,421.7800
2024-11-11,418.0100,422.5200,424.8100,416.0000
2024-11-12,423.0300,418.2500,424.4400,417.2000
2024-11-13,425.2000,421.6400,429.3300,418.2100
2024-11-14,426.8900,425.0000,428.1700,420.0000
2024-11-15,415.0000,419.8200,422.8000,413.6400
2024-11-18,415.7600,414.8700,418.4000,412.1000
2024-11-19,417.7900,413.1100,417.9400,411.5500
2024-11-20,415.4900,416.8700,417.2900,410.5800
2024-11-21,412.8700,419.5000,419.7800,410.2900
2024-11-22,417.0000,411.3700,417.4000,411.0600
2024-11-25,418.7900,418.3800,421.0800,414.8500
2024-11-26,427.9900,419.5900,429.0400,418.8500
2024-11-27,422.9900,425.1100,427.2300,422.0200
2024-11-29,423.4600,420.0900,424.8800,417.8000
2024-12-02,430.9800,421.5700,433.0000,421.3100
2024-12-03,431.2000,429.8400,432.4700,427.7400
2024-12-04,437.4200,433.0300,439.6700,432.6300
2024-12-05,442.6200,437.9200,444.6600,436.1700
2024-12-06,443.5700,442.3000,446.1000,441.7700
2024-12-09,446.0200,442.6000,448.3300,440.5000
2024-12-10,443.3300,444.3900,449.6200,441.6000
2024-12-11,448.9900,444.0500,450.3500,444.0500
2024-12-12,449.5600,449.1100,456.1600,449.1100
2024-12-13,447.2700,448.4400,451.4300,445.5800
2024-12-16,451.5900,447.2700,452.1800,445.2800
2024-12-17,454.4600,451.0100,455.2900,449.5700
2024-12-18,437.3900,451.3200,452.6500,437.0200
2024-12-19,437.0300,441.6200,443.1800,436.3200
2024-12-20,436.6000,433.1100,443.7400,428.6300
2024-12-23,435.2500,436.7400,437.6500,432.8300
2024-12-24,439.3300,434.6500,439.6000,434.1900
2024-12-26,438.1100,439.0800,440.9400,436.6300
2024-12-27,430.5300,434.6000,435.2200,426.3500
2024-12-30,424.8300,426.0600,427.5500,421.9000
2024-12-31,421.5000,426.1000,426.7300,420.6600
2025-01-02,418.5800,425.5300,426.0700,414.8500
2025-01-03,423.3500,421.0800,424.0300,419.5400
2025-01-06,427.8500,428.0000,434.3200,425.4800
2025-01-07,422.3700,429.0000,430.6500,420.8000
2025-01-08,424.5600,423.4600,426.9700,421.5400
2025-01-10,418.9500,424.6300,424.7100,415.0200
2025-01-13,417.1900,415.2400,418.5000,412.2900
2025-01-14,415.6700,417.8100,419.7400,410.7200
2025-01-15,426.3100,419.1300,428.1500,418.2700
2025-01-16,424.5800,428.7000,429.4900,424.3900
2025-01-17,429.0300,434.0900,434.4800,428.1700
2025-01-21,428.5000,430.2000,430.9000,425.6000
2025-01-22,446.2000,437.5600,447.2700,436.0000
2025-01-23,446.7100,442.0000,446.7500,441.5000
2025-01-24,444.0600,445.1600,446.6500,441.4000
2025-01-27,434.5600,424.0100,435.2000,423.5000
2025-01-28,447.2000,434.6000,448.3800,431.3800
2025-01-29,442.3300,446.6900,446.8800,440.4000
2025-01-30,414.9900,418.7700,422.8600,413.1600
2025-01-31,415.0600,418.9800,420.6900,414.9100
2025-02-03,410.9200,411.6000,415.4100,408.6600
2025-02-04,412.3700,412.6900,413.9200,409.7400
2025-02-05,413.2900,412.3500,413.8300,410.4000
2025-02-06,415.8200,414.0000,418.2000,414.0000
2025-02-07,409.7500,416.4800,418.6500,408.1000
2025-02-10,412.2200,413.7100,415.4600,410.9200
2025-02-11,411.4400,409.6400,412.4900,409.3000
2025-02-12,409.0400,407.2100,410.7500,404.3700
2025-02-13,410.5400,407.0000,411.0000,406.3600
2025-02-14,408.4300,407.7900,408.9100,405.8800
2025-02-18,409.6400,408.0000,410.6000,406.5000
2025-02-19,414.7700,407.8800,415.4900,407.6500
2025-02-20,416.1300,415.2900,419.3100,412.5400
2025-02-21,408.2100,417.3400,418.0500,407.8900
2025-02-24,404.0000,408.5100,409.3700,399.3200
2025-02-25,397.9000,401.1000,401.9200,396.7000
2025-02-26,399.7300,398.0100,403.6000,394.2500
2025-02-27,392.5300,401.2700,405.7400,392.1700
2025-02-28,396.9900,392.6600,397.6300,386.5700
2025-03-03,388.4900,398.8200,398.8200,386.1600
2025-03-04,388.6100,383.4000,392.5800,381.0000
2025-03-05,401.0200,389.3400,401.6700,388.8100
2025-03-06,396.8900,394.2800,402.1500,392.6800
2025-03-07,393.3100,392.3200,394.8000,385.5400
2025-03-10,380.1600,385.8400,386.4000,377.2200
2025-03-11,380.4500,379.0000,386.0000,376.9100
2025-03-12,383.2700,382.9500,385.2200,378.9500
2025-03-13,378.7700,383.1600,385.3200,377.4500
2025-03-14,388.5600,379.7800,390.2300,379.5100
2025-03-17,388.7000,386.7000,392.7100,385.5700
2025-03-18,383.5200,387.0700,387.3700,381.1000
2025-03-19,387.8200,385.5300,389.6800,384.0000
2025-03-20,386.8400,385.7400,391.7900,383.2800
2025-03-21,391.2600,383.2200,391.7400,382.8000
2025-03-24,393.0800,395.4000,395.4000,389.8100
2025-03-25,395.1600,393.9200,396.3600,392.6400
2025-03-26,389.9700,395.0000,395.3100,388.5700
2025-03-27,390.5800,390.1300,392.2400,387.4000
2025-03-28,378.8000,388.0800,389.1300,376.9300
2025-03-31,375.3900,372.5400,377.0700,367.2400
2025-04-01,382.1900,374.6500,382.8500,373.2300
2025-04-02,382.1400,377.9700,385.0800,376.6200
2025-04-03,373.1100,374.7900,377.4800,369.3500
2025-04-04,359.8400,364.1300,374.5900,359.4800
2025-04-07,357.8600,350.8800,371.0000,344.7900
2025-04-08,354.5600,368.2600,373.6500,350.2500
2025-04-09,390.4900,353.5400,393.2300,353.1000
2025-04-10,381.3500,382.0600,383.9000,367.8000
2025-04-11,388.4500,380.6400,390.0500,378.8900
2025-04-14,387.8100,393.2200,394.6500,384.2100
2025-04-15,385.7300,388.5100,391.8900,384.1600
2025-04-16,371.6100,380.6700,381.6100,368.0000
2025-04-17,367.7800,373.7500,374.3200,366.8900
2025-04-21,359.1200,362.8200,364.4800,355.6700
2025-04-22,366.8200,363.3800,367.7700,359.8600
2025-04-23,374.3900,376.0600,380.3900,373.0200
2025-04-24,387.3000,375.7000,388.4500,375.1900
2025-04-25,391.8500,387.0000,392.1600,384.6000
2025-04-28,391.1600,391.9600,392.7400,386.6400
2025-04-29,394.0400,391.3000,395.1000,390.3800
2025-04-30,395.2600,390.3000,396.6600,384.4400
2025-05-01,425.4000,431.1100,436.9900,424.9000
2025-05-02,435.2800,431.7400,439.4400,429.9900
2025-05-05,436.1700,432.8700,439.5000,432.1100
2025-05-06,433.3100,432.2000,437.7300,431.1700
2025-05-07,433.3500,433.8400,438.1200,431.1100
2025-05-08,438.1700,437.9300,443.6700,435.6600
2025-05-09,438.7300,440.0000,440.7400,435.8800
2025-05-12,449.2600,445.9400,449.3700,439.7800
2025-05-13,449.1400,447.7800,450.6700,445.3600
2025-05-14,452.9400,448.1400,453.9000,448.1400
2025-05-15,453.1300,450.7700,456.1900,450.4300
2025-05-16,454.2700,452.0500,454.3600,448.7300
2025-05-19,458.8700,450.8800,459.5900,450.8000
2025-05-20,458.1700,455.5900,458.3400,454.3200
2025-05-21,452.5700,454.5700,457.7800,451.8100
2025-05-22,454.8600,454.9500,460.2500,453.9000
2025-05-23,450.1800,449.9800,453.6900,448.9100
2025-05-27,460.6900,456.4800,460.9500,456.1200
2025-05-28,457.3600,461.2200,462.5200,456.9300
2025-05-29,458.6800,461.5500,461.7200,455.3100
2025-05-30,460.3600,459.7200,461.6800,455.5400
2025-06-02,461.9700,457.1400,462.1100,456.8900
2025-06-03,462.9700,461.4700,464.1400,460.8600
2025-06-04,463.8700,464.0000,465.6900,463.0200
2025-06-05,467.6800,464.9600,469.6500,464.0300
2025-06-06,470.3800,470.0900,473.3400,468.7800
2025-06-09,472.7500,469.7000,473.4300,468.6200
2025-06-10,470.9200,471.1900,472.8000,466.9600
2025-06-11,472.6200,470.0200,475.4700,469.6600
2025-06-12,478.8700,475.0200,480.4200,473.5200
2025-06-13,474.9600,476.4100,479.1800,472.7600
2025-06-16,479.1400,475.2100,480.6900,475.0000
2025-06-17,478.0400,475.4000,478.7400,474.0800
2025-06-18,480.2400,478.0000,481.0000,474.4600
2025-06-20,477.4000,482.2300,483.4600,476.8700
2025-06-23,486.0000,478.2100,487.7500,472.5100
2025-06-24,490.1100,488.9500,491.8500,486.8000
2025-06-25,492.2700,492.0400,494.5600,489.3900
2025-06-26,497.4500,492.9800,498.0400,492.8100
2025-06-27,495.9400,497.5500,499.3000,493.0300
2025-06-30,497.4100,497.0400,500.7600,495.3300
2025-07-01,492.0500,496.4700,498.0500,490.9800
2025-07-02,491.0900,489.9900,493.5000,488.7000
2025-07-03,498.8400,493.8100,500.1300,493.4400
2025-07-07,497.7200,497.3800,498.7500,495.2300
2025-07-08,496.6200,497.2400,498.2000,494.1100
2025-07-09,503.5100,500.3000,506.7800,499.7400
2025-07-10,501.4800,503.0500,504.4400,497.7500
2025-07-11,503.3200,498.4700,505.0300,497.8000
2025-07-14,503.0200,501.5200,503.9700,501.0300
2025-07-15,505.8200,503.0200,508.3000,502.7900
2025-07-16,505.6200,505.1800,506.7200,501.8900
2025-07-17,511.7000,505.6800,513.3700,505.6200
2025-07-18,510.0500,514.4800,514.6400,507.4300
2025-07-21,510.0600,506.7100,512.0900,505.5500
2025-07-22,505.2700,510.9700,511.2000,505.2700
2025-07-23,505.8700,506.7500,506.7900,500.7000
2025-07-24,510.8800,508.7700,513.6700,507.3000
2025-07-25,513.7100,512.4700,518.2900,510.3600
2025-07-28,512.5000,514.0800,515.0000,510.1200
2025-07-29,512.5700,515.5300,517.6200,511.5600
2025-07-30,513.2400,515.1700,515.9500,509.4400
2025-07-31,533.5000,555.2300,555.4500,531.9000
2025-08-01,524.1100,535.0000,535.8000,520.8600
2025-08-04,535.6400,528.2700,538.2500,528.1300
2025-08-05,527.7500,537.1800,537.3000,527.2400
2025-08-06,524.9400,530.9000,531.7000,524.0300
2025-08-07,520.8400,526.8000,528.0900,517.5500
2025-08-08,522.0400,522.6000,524.6600,519.4100
2025-08-11,521.7700,522.3000,527.5900,519.7200
2025-08-12,529.2400,523.7500,530.9800,522.7000
2025-08-13,520.5800,532.1100,532.7000,519.3700
2025-08-14,522.4800,522.5600,525.9500,520.1400
2025-08-15,520.1700,522.7700,526.1000,519.0800
2025-08-18,517.1000,521.5900,522.8200,514.0200
2025-08-19,509.7700,515.0000,515.1600,508.5500
2025-08-20,505.7200,509.8700,511.0000,504.4400
2025-08-21,504.2400,503.6900,507.6300,502.7200
2025-08-22,507.2300,504.2500,510.7300,502.4100
2025-08-25,504.2600,506.6300,508.1900,504.1200
2025-08-26,502.0400,504.3600,504.9800,498.5100
2025-08-27,506.7400,502.0000,507.2900,499.9000
2025-08-28,509.6400,507.0900,511.0900,505.5000
2025-08-29,506.6900,508.6600,509.6000,504.4900
2025-09-02,505.1200,500.4700,506.0000,496.8100
2025-09-03,505.3500,503.7900,507.7900,502.3200
2025-09-04,507.9700,504.3000,508.1500,503.1500
2025-09-05,495.0000,509.0700,511.9700,492.3700
2025-09-08,498.2000,498.1100,501.2000,495.0300
2025-09-09,498.4100,501.4300,502.2500,497.7000
2025-09-10,500.3700,502.9800,503.2300,496.7200
2025-09-11,501.0100,502.2500,503.1700,497.8800
2025-09-12,509.9000,506.6500,512.5500,503.8500
2025-09-15,515.3600,508.7900,515.4700,507.0000
2025-09-16,509.0400,516.8800,517.2300,508.6000
2025-09-17,510.0200,510.6200,511.2900,505.9300
2025-09-18,508.4500,511.4900,513.0700,507.6600
2025-09-19,517.9300,510.5600,519.3000,510.3100
2025-09-22,514.4500,515.5900,517.7400,512.5400
2025-09-23,509.2300,513.8000,514.5900,507.3100
2025-09-24,510.1500,510.3800,512.4800,506.9200
2025-09-25,507.0300,508.3000,510.0100,505.0400
2025-09-26,511.4600,510.0600,513.9400,506.6200
2025-09-29,514.6000,511.5000,516.8500,508.8800
2025-09-30,517.9500,513.2400,518.1600,509.6600
2025-10-01,519.7100,514.8000,520.5100,511.6900
2025-10-02,515.7400,517.6400,521.6000,510.6800
2025-10-03,517.3500,517.1000,520.4900,515.0000
2025-10-06,528.5700,518.6100,531.0300,518.2000
2025-10-07,523.9800,528.2900,529.8000,521.4400
2025-10-08,524.8500,523.2800,526.9500,523.0900
2025-10-09,522.4000,522.3400,524.3300,517.4000
2025-10-10,510.9600,519.6400,523.5800,509.6300
2025-10-13,514.0500,516.4100,516.4100,511.6800
2025-10-14,513.5700,510.2300,515.2800,506.0000
2025-10-15,513.4300,514.9600,517.1900,510.0000
2025-10-16,511.6100,512.5800,516.8500,508.1300
2025-10-17,513.5800,509.0400,515.4800,507.3100
2025-10-20,516.7900,514.6100,518.7000,513.4300
2025-10-21,517.6600,517.5000,518.6900,513.0400
2025-10-22,520.5400,521.1500,525.2300,517.7100
2025-10-23,520.5600,522.4600,523.9500,518.6100
2025-10-24,523.6100,522.7900,525.3500,520.7100
2025-10-27,531.5200,531.7800,534.5800,529.0100
2025-10-28,542.0700,550.0000,553.7200,540.7700
2025-10-29,541.5500,544.9400,546.2700,536.7300
2025-10-30,525.7600,530.4800,534.9700,522.1200
2025-10-31,517.8100,528.8800,529.3200,515.1000
2025-11-03,517.0300,519.8100,524.9600,514.5900
2025-11-04,514.3300,511.7600,515.5500,507.8400
2025-11-05,507.1600,513.3000,514.8300,506.5800
2025-11-06,497.1000,505.6600,505.7000,495.8100
2025-11-07,496.8200,496.9500,499.3800,493.2500
2025-11-10,506.0000,500.0400,506.8500,498.8000
2025-11-11,508.6800,504.8000,509.6000,502.3500
2025-11-12,511.1400,509.3600,511.6700,499.1200
2025-11-13,503.2900,510.3100,513.5000,501.2900
2025-11-14,510.1800,498.2300,511.6000,497.4400
2025-11-17,507.4900,508.4500,512.1200,504.9100
2025-11-18,493.7900,495.3700,502.9800,486.7800
2025-11-19,487.1200,490.1000,495.1900,482.8300
2025-11-20,478.4300,492.7100,493.5700,475.5000
2025-11-21,472.1200,478.5000,478.9200,468.2700
2025-11-24,474.0000,475.0000,476.9000,468.0200
2025-11-25,476.9900,474.0700,479.1500,464.8900
2025-11-26,485.5000,486.3100,488.3100,481.2000
2025-11-28,492.0100,487.6000,492.6300,486.6500
2025-12-01,486.7400,488.4400,489.8600,484.6500
2025-12-02,490.0000,486.7200,493.5000,486.3200
2025-12-03,477.7300,476.3200,484.2400,475.2000
2025-12-04,480.8400,479.7600,481.3200,476.4900
2025-12-05,483.1600,482.5200,483.4000,478.8800
2025-12-08,491.0200,484.8900,492.3000,484.3800
2025-12-09,492.0200,489.1000,492.1200,488.5000
2025-12-10,478.5600,484.0300,484.2500,475.0800
2025-12-11,483.4700,476.6300,486.0300,475.8600
2025-12-12,478.5300,479.8200,482.4500,476.3400
2025-12-15,474.8200,480.1000,480.7200,472.5200
2025-12-16,476.3900,471.9100,477.8900,470.8800
2025-12-17,476.1200,476.9100,480.0000,475.0000
2025-12-18,483.9800,478.1900,489.6000,477.8900
2025-12-19,485.9200,487.3600,487.8500,482.4900
2025-12-22,484.9200,486.1200,488.7300,482.6900
2025-12-23,486.8500,484.9800,487.8300,484.7400
2025-12-24,488.0200,485.6800,489.1600,484.8300
2025-12-26,487.7100,486.7100,488.1200,485.9600
2025-12-29,487.1000,484.8600,488.3500,484.1800
2025-12-30,487.4800,485.9300,489.6800,485.5000
2025-12-31,483.6200,487.8400,488.1400,483.3000
2026-01-02,472.9400,484.3900,484.6600,470.1600
2026-01-05,472.8500,474.0600,476.0700,469.5000
2026-01-06,478.5100,473.8000,478.7400,469.7500
2026-01-07,483.4700,479.7600,489.7000,477.9500
2026-01-08,478.1100,481.2400,482.6600,475.8600
2026-01-09,479.2800,474.0600,479.8200,472.2000
2026-01-12,477.1800,476.6700,480.9900,475.6800
2026-01-13,470.6700,474.6800,475.7800,465.9500
2026-01-14,459.3800,466.4600,468.2000,457.1700
2026-01-15,456.6600,464.1200,464.2500,455.9000
2026-01-16,459.8600,457.8300,463.1900,456.4800
2026-01-20,454.5200,451.2200,456.8000,449.2800
2026-01-21,444.1100,452.6000,452.6900,438.6800
2026-01-22,451.1400,447.6200,452.8400,444.7000
2026-01-23,465.9500,451.8700,471.1000,450.5300
2026-01-26,470.2800,465.3100,474.2500,462.0000
2026-01-27,480.5800,473.7000,482.8700,473.1600
2026-01-28,481.6300,483.2100,483.7400,478.0000
2026-01-29,433.5000,439.9900,442.5000,421.0200
2026-01-30,430.2900,439.1700,439.6000,426.4500
2026-02-02,423.3700,430.2400,430.7400,422.2500
2026-02-03,411.2100,422.0100,422.0500,408.5600
2026-02-04,414.1900,411.0000,419.8000,409.2400
2026-02-05,393.6700,407.4400,408.3000,392.3200
2026-02-06,401.1400,399.1700,401.7900,392.9200
2026-02-09,413.6000,404.8500,414.8900,400.8700
2026-02-10,413.2700,419.6200,423.6800,412.7000
2026-02-11,404.3700,416.1800,416.4600,401.0100
2026-02-12,401.8400,405.0000,406.2000,398.0100
2026-02-13,401.3200,404.4500,405.5400,398.0500
2026-02-17,396.8600,399.2200,400.5200,394.5300
2026-02-18,399.6000,398.1300,402.5600,396.3200
2026-02-19,398.4600,400.6900,404.4300,396.6700
2026-02-20,397.2300,396.1100,400.1200,395.1600
2026-02-23,384.4700,395.0000,395.3600,383.1000
2026-02-24,389.0000,384.1400,389.3600,381.7100
2026-02-25,400.6000,390.5300,401.4700,390.1600
2026-02-26,401.7200,404.7100,407.4900,398.7400
2026-02-27,392.7400,390.8800,396.8200,389.8800
2026-03-02,398.5500,392.8600,401.1900,390.6300
2026-03-03,403.9300,393.1400,406.7000,392.6700
2026-03-04,405.2000,401.2700,411.0300,400.3100
2026-03-05,410.6800,404.4200,411.6100,404.4000
2026-03-06,408.9600,409.2000,413.0500,408.5100
2026-03-09,409.4100,404.9200,410.2100,403.5000
2026-03-10,405.7600,410.0300,410.2000,402.9300
2026-03-11,404.8800,405.5700,409.0100,401.5900
2026-03-12,401.8600,404.6300,406.1200,401.7100
2026-03-13,395.5500,401.0000,404.8000,394.2500
2026-03-16,399.9500,398.0700,400.6300,394.7900
2026-03-17,399.4100,400.2700,404.4000,397.7500
2026-03-18,391.7900,397.1300,398.0000,391.0000
2026-03-19,389.0200,390.1000,392.4900,387.0600
2026-03-20,381.8700,386.7900,387.0000,380.1200
2026-03-23,383.0000,383.9000,387.2100,381.6800
2026-03-24,372.7400,382.3600,382.4700,371.8500
2026-03-25,371.0400,376.9200,377.0600,369.6300
2026-03-26,365.9700,370.8200,374.7200,365.1900
2026-03-27,356.7700,361.9000,362.4500,356.5100
2026-03-30,358.9600,361.9000,365.3600,356.2800
2026-03-31,370.1700,364.5500,372.9000,363.0700
2026-04-01,369.3700,373.4900,373.9900,368.2000
2026-04-02,373.4600,367.2100,373.6400,364.1500
2026-04-06,372.8800,373.4900,373.7300,369.5000
2026-04-07,372.2900,370.3400,372.4500,366.5600
2026-04-08,374.3300,384.9800,385.0000,371.4100
2026-04-09,373.0700,372.5000,373.5000,367.0500
2026-04-10,370.8700,372.9800,375.6400,370.0300
2026-04-13,384.3700,373.6100,384.5400,371.0200
2026-04-14,393.1100,387.9200,394.6900,386.5200
2026-04-15,411.2200,398.0000,414.3700,396.7300
2026-04-16,420.2600,419.8600,420.8200,412.1400
2026-04-17,422.7900,424.8200,431.5800,420.6900
2026-04-20,418.0700,421.1500,423.3300,416.3000
2026-04-21,424.1600,420.2400,427.1800,417.2000
2026-04-22,432.9200,426.1900,433.7000,423.6700
2026-04-23,415.7500,419.8900,423.6600,411.4100
2026-04-24,424.6200,416.9700,424.9500,415.8000
2026-04-27,424.8200,422.3800,427.1100,417.0700
2026-04-28,429.2500,424.5700,429.9200,421.9000
2026-04-29,424.4600,424.5800,426.8200,420.2900
2026-04-30,407.7800,410.8100,414.4200,398.0100
2026-05-01,414.4400,412.8000,417.1100,410.4400
2026-05-04,413.6200,411.5400,420.7800,410.8000
2026-05-05,411.3800,415.3200,416.7800,408.8000
2026-05-06,413.9600,408.0000,418.4200,405.1100
2026-05-07,420.7700,420.1100,427.9800,418.7600
2026-05-08,415.1200,417.3900,418.6300,414.0000
2026-05-11,412.6600,407.8700,412.6900,405.5000
2026-05-12,407.7700,414.4800,415.5000,406.6400
2026-05-13,405.2100,403.2000,406.3100,401.0300
2026-05-14,409.4300,404.4800,411.8400,400.8800
2026-05-15,421.9200,414.2700,428.1700,412.9100
2026-05-18,423.5400,416.6200,425.1200,415.6100
2026-05-19,417.4200,429.9000,432.7000,416.4900
2026-05-20,421.0600,414.1700,422.1000,411.3000
2026-05-21,419.0900,424.7500,426.3400,415.7100
2026-05-22,418.5700,419.5400,424.4000,416.3300
2026-05-26,416.0300,416.4300,419.7700,413.0200
2026-05-27,412.6700,411.0100,415.9400,409.5800
2026-05-28,426.9900,412.9800,429.4900,412.6700
2026-05-29,450.2400,432.5500,450.3300,432.3600
2026-06-01,460.5200,464.8400,466.3200,458.2700
2026-06-02,441.3100,446.8800,453.5000,440.4300
2026-06-03,427.3400,438.4500,440.3900,424.2500
2026-06-04,428.0500,435.8100,436.1500,426.4100
2026-06-05,416.6700,428.3400,429.4700,414.4000
2026-06-08,411.7400,414.1400,417.1600,408.5600
2026-06-09,403.4100,409.0300,411.9800,398.4800
2026-06-10,397.3600,398.5500,405.0400,397.1600
2026-06-11,390.3400,395.2100,396.8500,384.0000
2026-06-12,390.7400,391.4300,391.7400,382.2700
2026-06-15,399.7600,396.8000,401.7500,392.8500
2026-06-16,393.8300,395.7900,396.8400,390.6900
2026-06-17,378.9100,390.2500,390.3700,377.3200
2026-06-18,379.4000,377.8200,381.3700,373.2800
2026-06-22,367.3400,375.7400,381.6300,367.0700
2026-06-23,373.9400,372.3800,377.2200,370.6700
2026-06-24,365.4600,371.5700,378.8800,364.7800
2026-06-25,352.8300,362.7700,364.2300,349.2000
2026-06-26,372.9700,357.1500,376.6100,355.4300
2026-06-29,368.5700,377.5000,380.5000,359.9000
2026-06-30,373.0200,371.0300,374.1500,367.4500
2026-07-01,384.2800,380.8300,388.8300,374.8900
2026-07-02,390.4900,384.4800,392.2000,383.7000
2026-07-06,386.7400,387.0400,389.1500,381.2200
2026-07-07,388.8400,392.4900,395.5700,388.2200
2026-07-08,383.3400,384.0300,385.3100,381.3300
2026-07-09,384.3600,374.4500,384.6500,373.3500
2026-07-10,385.1000,387.8000,391.9100,381.5000
2026-07-13,390.9900,387.7500,393.6500,384.1500
2026-07-14,384.9300,382.8200,388.1900,378.6500
2026-07-15,395.6300,387.8000,398.9600,386.4000
2026-07-16,401.1000,398.3100,405.9900,392.0500
2026-07-17,393.8200,394.8600,398.3900,389.3900
2026-07-20,402.0600,391.1000,403.1800,389.6700
